Task,Image,UserID,,,Answer,,,,
Task 01,control,brown-anemois,,,assert: in onNewEventDo:,,,,
Task 04,control,brown-anemois,,,3 times from the method next and 4 times from the testAtEnd,,,,
Task 06,control,brown-anemois,,,0,,,,
Task 09,control,brown-anemois,,,"NSPowPowScale , arg: 9 NSLinearScale , arg: 9 NSPowScale , arg: 4661900",,,,
Task 13,control,brown-anemois,,,pragmas: ordered collection of size 3 of RBPragmaNodes  source: a bytestring: methodPragmaAfterBeforTemps 		<hello: 5> 		| aTemp | 		<world: #ok> 		<blue: true> 		 	keywordsPositions  =1,,,,
Task 02,seeker,brown-anemois,,,toString and asOrderedCollection,,,,
Task 03,seeker,brown-anemois,,,2 times from the test,,,,
Task 07,seeker,brown-anemois,,,1 from 1 MicrodownParser,,,,
Task 10,seeker,brown-anemois,,,"Again not sure, but I think for the setter color: none",,,,
Task 11,seeker,brown-anemois,,,shapes of the canvas and its camera,,,,
Task 01,control,white-artemis,,,RSMonitorEvents>>#onNewEventDo:,,,,
Task 03,control,white-artemis,,,2 times from #testApproxVersion02,,,,
Task 05,control,white-artemis,,,4 instances all from MicHeaderBlock >> #asPillar,,,,
Task 09,control,white-artemis,,,NSPowScalex: 9 NSLinearScalex: 3.0000000000000004 NSBilinearScalex: 3.0000000000000004 NSPowScalex: 4661900 NSLinearScalex: 2159.1433486454753 NSBilinearScalex: 2159.1433486454753,,,,
Task 14,control,white-artemis,,,"It starts with 28, then when returning turns to nil",,,,
Task 02,seeker,white-artemis,,,writeObject:do:,,,,
Task 04,seeker,white-artemis,,,"7 in total, 4 from the test method. 3 from #next",,,,
Task 08,seeker,white-artemis,,,"6 instances, HILink, HiRuler, HiNode, HiRulerBuilder",,,,
Task 10,seeker,white-artemis,,,"RSBox, and the values is Color green, Color red",,,,
Task 12,seeker,white-artemis,,,"baseRectangle changes from a value to other. encompassingRectangle changes during the execution, the others are initialized in the initialize.",,,,
Task 02,control,silver-hermes,,,I opened two debuggers to navigate at the same time in the two should: blocks. STONWriter>> #writeObject:do:,,,,
Task 04,control,silver-hermes,,,I simply went through the execution. 1 - GeneratorTest 2 - Generator 3 - GeneratorTest,,,,
Task 08,control,silver-hermes,,,I override the call to new in Hiedra's classes but didn't have time to count.,,,,
Task 01,seeker,silver-hermes,,,Show all creation of instances of the exception subclasses AssertionFailure,,,,
Task 03,seeker,silver-hermes,,,I selected asMetacelloVersionNumber and asked to see the messages sent from this selector. 1 - testApproxVersion02 2 - testApproxVersion02,,,,
Task 05,seeker,silver-hermes,,,"I selected PRHeader and asked to see the instances created with the same name. 3 instances from ""document asPillar""",,,,
Task 09,seeker,silver-hermes,,,I asked to see the messages received on all the code and filter by scale:. 1 - NSPowPowScale #(0) 2 - NSPowPowScale #(1) 3 - NSPowScale #(9) 4 - NSPowPowScale #(9) ... 14 - NSBilinearScale #(2159.1433486454753),,,,
Task 14,seeker,silver-hermes,,,I passed the executor until newContext was initialized and then I requested these assignments for this variable.,,,,
Task 03,control,blue-nyx,,,twice each time from testApproxVersion02,,,,
Task 06,control,blue-nyx,,,once method: asPillar,,,,
Task 08,control,blue-nyx,,,7 objects: classes: HiRulerBuilder,HiRuler,HiNode * 3,HiLink * 2,
Task 12,control,blue-nyx,,,paint parent isFixed encompassingRectangle baseRectangle matrix connectedLines shouldUpdateLines,,,,
Task 14,control,blue-nyx,,,28  nil 35,,,,
Task 01,seeker,blue-nyx,,,"Roassal RSMonitorEvent >> assert:description: (oups, it's Object method, so I guess it is further down in the stack, but I cannot see it now",,,,
Task 05,seeker,blue-nyx,,,3 each time by calling #asPillar,,,,
Task 07,seeker,blue-nyx,,,4 objects: MicRootBlock MicOrderedListBlock MicListItemBlock *2,,,,
Task 11,seeker,blue-nyx,,,showRectangles 	shapes 	fixedShapes 	nodes 	edges 	animations 	clearBackground 	color 	extent 	camera,,,,
Task 13,seeker,blue-nyx,,,#() aCollection [ 3items] ...,,,,
Task 01,control,silver-erebus,,,Halt>>#Exception,,,,
Task 03,control,silver-erebus,,,This message is called twice. I didn't find from which method,,,,
Task 02,seeker,silver-erebus,,,STONWriterError class,,,,
Task 04,seeker,silver-erebus,,,"7 times by ""a Generator""",,,,
Task 08,seeker,silver-erebus,,,HiRuleBuilder HiRuler HiNode x2 HiLink x2,,,,
Task 10,seeker,silver-erebus,,,"color: is called twice on ""shape"" with aregument value ""scaledValue""",,,,
Task 12,seeker,silver-erebus,,,I didn't find any instance variable that was used to I assume the answer is : none.,,,,
Task 01,control,bronze-kaikias,,,RSMonitorEvents,,,,
Task 03,control,bronze-kaikias,,,2 testApproxVersion02,,,,
Task 05,control,bronze-kaikias,,,3 first third fifth,,,,
Task 09,control,bronze-kaikias,,,NSPOwScale 9 4661900,,,,
Task 14,control,bronze-kaikias,,,28 35,,,,
Task 02,seeker,bronze-kaikias,,,STONJSON,,,,
Task 04,seeker,bronze-kaikias,,,7,,,,
Task 08,seeker,bronze-kaikias,,,"6 HiRulerBuilder, HiRuler, HiNode, HiLink",,,,
Task 10,seeker,bronze-kaikias,,,0 (color:)      3 (color),,,,
Task 12,seeker,bronze-kaikias,,,no one,,,,
Task 02,control,pink-hephaestus,,,I removed the catch clauses. Both come from: STONWriter >> #error:,,,,
Task 03,control,pink-hephaestus,,,"Twice, both from testApproxVersion02. I added ""self halt"" in all implementors",,,,
Task 07,control,pink-hephaestus,,,"11 times MicroDownParser, MicRootBlock, MicOrderedListBlock, MicListItemBlock I had to instrument the basicNew method using this query ManifestMicrodown class package definedClasses do:[ :c | 	c class compile: 'basicNew 	self halt. 	^ super basicNew'].",,,,
Task 10,control,pink-hephaestus,,,"Didn't finish it, but basically i'd implement this by adding an halt in every implementor with such a query (again, unfinished). #color: implementors 		  collect: [ :m | m methodClass -> m ast ] 		  thenDo: [ :a | |message| 			  a halt. 			message := a value body addStatement: (RBMessageNode receiver: RBVariableNode selfNode selector: #halt). 			  a key class compile: message ]",,,,
Task 11,control,pink-hephaestus,,,"Didn't do it, would involve a complex query as the previous ones.",,,,
Task 01,seeker,pink-hephaestus,,,#onNewEventDo: I used the query all instance creation of exception subclass,,,,
Task 04,seeker,pink-hephaestus,,,"10, from #next and #testAtEnd. I used the seeker query all messages sends, filtering to atEnd, and and looking at each of them",,,,
Task 06,seeker,pink-hephaestus,,,Once in #asPillar. Used all instances creations of selected class .,,,,
Task 09,seeker,pink-hephaestus,,,"NSPowPowScale, NSPowScale, NSLinearScale, NSBilinearScale. In the order returned by the query:  0, 1, 9, 9, 9, 3.0000000000000004,0,1,0,36756666,4661900,4661900,4661900,2159.1433486454753. Hopefully with no mistakes, it wasn't easy to do. Used the query messageSends with selector #scale: Manually gathered the arguments, as I didn't know how to programatically query it. Maybe I missed something?",,,,
Task 13,seeker,pink-hephaestus,,,"pragmas values #() an OrderedCollection [3 items] (RBPragmaNode(<hello: 5>) RBPragmaNode(<world: #ok>) RBPragmaNode(<blue: true>))  source values methodPragmaAfterBeforTemps 		<hello: 5> 		| aTemp | 		<world: #ok> 		<blue: true> methodPragmaAfterBeforTemps 		<hello: 5> 		| aTemp | 		<world: #ok> 		<blue: true> (twice the same object)  keywordsPositions nil #(1)  Used Query for all the assignements of instance variable of objects whise class name matches selection (RBMethodNode). Couldn't make object centric query work, as I would have prefered.",,,,
Task 04,control,white-zeus,,,"7 times: testAtEnd 4, next 3 I browsed the next implementation in Generator to be sure, but I already knew it",),,,
Task 06,control,white-zeus,,,there is 1 instance created (since the parser identifies just one code block). I debugged the test (option in calypso) and inspected the result to be sure.,,,,
Task 08,control,white-zeus,,,"there are 6 instances. The ruler, the HiRulerBuilder and 4 links/nodes in the ruler, that I obtained by debugging the test, inspecting the ruler and executing this:   ""a HiRuler"" ((((self class slots  	flatCollect: [ :each |  		each read: self ]) 	inject: #() 	into: [ :all :each | all, ((each class = LinkedList)  			ifTrue: [ each asArray ] 			ifFalse: [ { each } ]) ]) asSet)  select: [ :a | a class package name = 'Hiedra' ]) size.  (is a bit odd, but I am under pressure :P)",,,,
Task 12,control,white-zeus,,,"parent, paint, isFixed, matrix, shouldUpdateLines, baseRectangle, extent, encompassingRectangle, path last two ""modified"" is questionable since they were nil before setting them to nil again.  I debugged the test and step into in the creation of the variable, then I verified no other value is changed during execution by going to the end and inspect the resulting value to see what values where assigned.  Is ""questionable"" because a value can change during execution and then adopt nil again, but verify that woult take me a lot of time.",,,,
Task 14,control,white-zeus,,,"3 values: 28, nil, 35 nil is during internal step. I debugged the  test and stepped on it to know what was happening.",,,,
Task 03,seeker,white-zeus,,,"2 times, both from testApproxVersion02. I debugged with seeker, right click and select seekerqueries/messages/all message sends with selected selector",,,,
Task 05,seeker,white-zeus,,,"3 creations, all on MicHeaderBlock>>#asPillar  I used ""All Instances Creation of class named as selection"" option",,,,
Task 07,seeker,white-zeus,,,"there are 4 creations. I used All Instances Creation option, then filtered by prefix.",,,,
Task 11,seeker,white-zeus,,,"10 assignments, I used 'All the assignments of instance variables, of the object currently pointed by the selected variable'. I love this tool.",,,,
Task 13,seeker,white-zeus,,,"pragmas = 2 keywordPositions = 2 source = 1  I used 'All the assignments of instance variables, of the object currently pointed by the selected variable'.  Maybe a filter/column by variable would be useful?",,,,
Task 01,control,blue-skirion,,,RSMonitorEvents >> onNewEventDo:,,,,
Task 04,control,blue-skirion,,,GeneratorTest >> testAtEnd (4 times) Generator >> next (3 times),,,,
Task 06,control,blue-skirion,,,One instance. From MicCodeBlock >> asPillar,,,,
Task 09,control,blue-skirion,,,NSPowPowScale 0 NSPowPowScale 1 NSPowScale 9 NSPowPowScale 9 NSLinearScale 3.0000000000000004 NSBilinearScale 3.0000000000000004 NSPowPowScale 0 NSPowPowScale 1 NSPowPowScale 0 NSPowPowScale 36756666 NSPowScale 4661900 NSPowPowScale 4661900 NSLinearScale 2159.1433486454753 NSBilinearScale 2159.1433486454753  (but it was not easy!),,,,
Task 13,control,blue-skirion,,,pragmas:  #() an OrderedCollection(RBPragmaNode(<hello: 5>) RBPragmaNode(<world: #ok>) RBPragmaNode(<blue: true>))  source:  methodPragmaAfterBeforTemps 		<hello: 5> 		| aTemp | 		<world: #ok> 		<blue: true> methodPragmaAfterBeforTemps 		<hello: 5> 		| aTemp | 		<world: #ok> 		<blue: true>  keywordsPositions:  nil an IntegerArray(1),,,,
Task 02,seeker,blue-skirion,,,"The first exception is signaled by STONWriter >> writeObject:do: through Point >> stonOn: The second exception is signaled by STONWriter >> writeObject:do: through OrderedCollection >> stonOn:  Comment: After a time travel, it would be nice to return home, to the original method which I started debugging It was not clear for me how to go there",,,,
Task 03,seeker,blue-skirion,,,Only two times from the test itself,,,,
Task 07,seeker,blue-skirion,,,Four instances:  MicRootBlock (1 instance) MicOrderedListBlock (1 instance) MicListItemBlock (2 instance)  Comment It would be nice if the columns in the table were sortable,,,,
Task 10,seeker,blue-skirion,,,There are two senders of #color: message. Both are instances of class RSBox.  Arguments:  1. Color green 2. Color red,,,,
Task 11,seeker,blue-skirion,,,"I don't know. I tried Object Centric > All instance variables assigned, of the selected object But it shows me an empty list",,,,
Task 02,control,orange-gaia,,,STONWriter>>#writeObject:do:,,,,
Task 03,control,orange-gaia,,,"2x, both from testApproxVersion02",,,,
Task 07,control,orange-gaia,,,"Unfinished:  This is hard to answer, I would need to put a halt in all the classes, then execute and do the analysis manually. Would take a long time and there is a good chance to forget some intantiation methods.",,,,
Task 10,control,orange-gaia,,,"Unfinished  There are 61 method called #color. I could now add a Transcript output in each of them, but that would take a long time...  I tried to do it reflectively but gave up (add the Transcript output using  a metalink)",,,,
Task 11,control,orange-gaia,,,"Unfinished  This would be doable but slow if object speficic breakpoints would be available: we could add a ""halt on write"" breakpoint and then manually take notes. But that option seems to not be avaible. And even if, this could be impractical depending on how many vars and writes there are.",,,,
Task 01,seeker,orange-gaia,,,RSMonitorEvents>>#onNewEventDo:,,,,
Task 04,seeker,orange-gaia,,,7 times.    Generator>>next  GeneratorTest>>#testAtEnd,,,,
Task 06,seeker,orange-gaia,,,"1 time, via calling #new from MicCodeBlock>>#asPillar",,,,
Task 09,seeker,orange-gaia,,,14 cases  NSPowPowScale 0 NSPowPowScale 1 NSPowScale 9 NSPowPowScale 9 NSLinearScale 9 NSBilinearScale 3.0 NSPowPowScale 0 NSPowPowScale 1 NSPowPowScale 0 NSPowPowScale 36756666 NSPowScale	4661900 NSPowPowScale 4661900 NSLinearScale 4661900 NSBilinearScale 2159.1433486454753,,,,
Task 13,seeker,orange-gaia,,,"pragmas  #()  ""an OrderedCollection(RBPragmaNode(<hello: 5>) RBPragmaNode(<world: #ok>) RBPragmaNode(<blue: true>))""      source  assigned twice:   ""'methodPragmaAfterBeforTemps 		<hello: 5> 		| aTemp | 		<world: #ok> 		<blue: true>'"" 	     keywordsPositions  an IntegerArray [1 item] (1)",,,,
Task 01,control,black-tartarus,,,"The exception is raised inside the onNewEventDo method, from RSMonitorEvents class. To find out, I open a Playground window and run the test code without the assert.",,,,
Task 05,control,black-tartarus,,,"3 instances of PRHeader are created. This information is presented by the asserts of the test method. But to confirm, I inspected the document children array and saw that there were 5 objects: 2 PRParagraph and 3 PRHeader. PRParagraph and PRHeader objects are created from asPillar method.",,,,
Task 07,control,black-tartarus,,,"I believe only one, which the parser object that calls the parse method is associated with. I came to this conclusion by browsing through the implementors of the parser object. There is the MicAbstractBlock class which is the only class in the Microdown package.",,,,
Task 11,control,black-tartarus,,,"Apparently only the instance variable camera. However, of course other variable instances are modified in the add method, but I couldn't figure out which ones.",,,,
Task 13,control,black-tartarus,,,To find the values I put some Transcripts show inside the test code. The results were as follows:  Transcript show: aRBMethod pragmas.  an OrderedCollection(RBPragmaNode(<hello: 5>) RBPragmaNode(<world: #ok>) RBPragmaNode(<blue: true>))methodPragmaAfterBeforTemps  Transcript show: aRBMethod source. <hello: 5> | aTemp | <world: #ok>  Transcript show: aRBMethod keywordsPositions. <blue: true>an IntegerArray(1),,,,
Task 03,seeker,black-tartarus,,,"Only two messages with the asMetacelloVersionNumber selector were sent. They were sent from method testApproxVersion02. To find out I right clicked on asMetacelloVersionNumber and then SeekerQueries, Messages, All Message Sends with selected selector.",,,,
Task 06,seeker,black-tartarus,,,"Only one instance of the PRCodeblock class was created. It was created from the new method. To find out I selected the PRCodeblock from the assert line, right clicked, went to SeekerQueries, Instances Creations, All Instances Creation of class named as selection. To find out the method I clicked on Go Here in the result.",,,,
Task 08,seeker,black-tartarus,,,"6 instances of classes from the Hiedra package were created. They were created from the classes: HiRulerBuilder, HiRuler, HiNode, HiLink.",,,,
Task 12,seeker,black-tartarus,,,"The instances variables modified are: paint, isFixed, encompassingRectangle, path, parent, connectedLines, shouldUpdateLines, baseRectangle, matrix. To find out I selected the variable b1, then clicked to SeekerQueries, Assignments - Object Centric, All the assignments of instance variables, of the object currently pointed by the selected variable.",,,,
Task 14,seeker,black-tartarus,,,"The different values of the instance variable pc of the newContext object are: nil, 33, 34 and 35. To find out I selected the variable pc, then clicked to SeekerQueries, Assignments - Object Centric, All the assignments of instance variables, of the object currently pointed by the selected variable.",,,,
Task 01,control,blue-hestia,,,Unfinished. I didn't know how to debug the method #onNewEventDo: [ ],,,,
Task 04,control,blue-hestia,,,it called 4 times. i got the unswer by debugging the method #atEnd to understand what it returns,,,,
Task 06,control,blue-hestia,,,"One instance are created from MicRootBlock>>#asPillar.  i got the answer by inspecting the MicRootBlock fileds, especially it's children",,,,
Task 09,control,blue-hestia,,,"Unfinished. I don't understand the questions, but for the first one i would say NSPowScale",,,,
Task 13,control,blue-hestia,,,* pragmas: an OrderedCollection(RBPragmaNode(<hello: 5>) RBPragmaNode(<world: #ok>) RBPragmaNode(<blue: true>)) * source: methodPragmaAfterBeforTemps * keywordsPositions: an IntegerArray(1),,,,
Task 02,seeker,blue-hestia,,,"Unfinished, i still not understand how to use sseker to got the answer",,,,
Task 03,seeker,blue-hestia,,,"the selector is sent 2 times from the both messages.  Got the answer from the queries command of Seeker dubbuger,  in particular from ""query for all message sends with...""",,,,
Task 07,seeker,blue-hestia,,,"4 instances are created. got answer from the command ""insatnce creation"" and by doing a filter(Microdown) of all the results",,,,
Task 02,control,olive-hades,,,STONWriter>>#error:,,,,
Task 04,control,olive-hades,,,4 times. 3 TestAsserter>>#deny and 1 Object>>#assert:,,,,
Task 08,control,olive-hades,,,"1, HiRulerBuilderTest",,,,
Task 10,control,olive-hades,,,I didn't find #color:.,,,,
Task 12,control,olive-hades,,,No one.,,,,
Task 01,seeker,olive-hades,,,RSMonitorEventsTest>>#testNoTarget,,,,
Task 03,seeker,olive-hades,,,"2, MetacelloVersionNumber",,,,
Task 05,seeker,olive-hades,,,"3, #new.",,,,
Task 09,seeker,olive-hades,,,"NSPowPowScale, NSPowScale, NSLinearScale, NSBilinearScale.  0, 1, 9, 9, 9, 3.00000004, 0.5, 0.5, 0,36756666, 4661900, 4661900, 2159.1433486454753",,,,
Task 14,seeker,olive-hades,,,I couldn't find.,,,,
Task 02,control,golden-boreas,,,"The errors come from method STONWriter>>#writeOnject:do:  I debuged the test, then I have ""inspected"" the problematic expression waiting for a debugger to open. I use these debuggers to identify the methods",,,,
Task 04,control,golden-boreas,,,7 times 4 times by atEnd 3 times by next   I first executed the full test in debug mode to check that the variable generator is always a generator. Then I put a halt in the method atEnd and I executed the test counted the number of halt.  With a large number i would have created a global variable that count for me,,,,
Task 08,control,golden-boreas,,,"6 instances From: HiRulerBuilder, HiRuler, HiNode, and HiLink  To detect them, I created in each class of the package an ""initialize"" method that add in the Transcript the name of the class instanciated  #Hiedra asPackage classes do: [ :c | c compile: 'initialize 	Transcript crShow: self class name.' ]",,,,
Task 10,control,golden-boreas,,,I wanted to look for all occurence of color. So I try by adding a metalink into all color method  But with the system runing at the same time it was too hard to distinguish the correct value  link := MetaLink new 		metaObject: [ :context :object |  			(object class name beginsWithAnyOf: {#Rub. #SolidFill . #FTT})  ifFalse: [   			Transcript crShow: object class name. 			Transcript crShow: context. ] 			 ],selector: #value:value:,option: #(+optionCompileOnLinkInstallation),arguments: #(context object),control: #before. 		 (#color: implementors reject: [:mm | mm printString beginsWith: #Rub ]) collect: #ast thenDo: [ :ast | ast link: link ].
Task 12,control,golden-boreas,,,"matrix, connectedLines, encompassingRectangles, parent  I have inspected the instance during the execution to detect modification in the variable",,,,
Task 01,seeker,golden-boreas,,,onNewEventDo: I used the All instance of subclass of exception,,,,
Task 03,seeker,golden-boreas,,,"Twice, for the test itself (testApproxVersion02). I use the all message send with selected selector. But I did it to test the feature. I think by reading the method is also fast",,,,
Task 05,seeker,golden-boreas,,,Three times. Always from MicHeaderBlock>>#asPillar  called inside MicRootBlock  I use the All instance of class name feature. Then I navigated in the stack,,,,
Task 09,seeker,golden-boreas,,,"During the complete test execution, what is(are) the class(es) of every object receiving the #scale: message?.  NSPowPowScale. NSPowScale. NSLinearScale. NSBilinearScale.   ""And what are the values of the arguments in each message?"" 0, 1, 9 , 3.0000000000000004, 36756666, 4661900, 2159.1433486454753   For the first question, I use All message send with selector  for the second tast, i navigated in the stacks",,,,
Task 14,seeker,golden-boreas,,,"nil -> 25 -> 28 -> 29 -> nil  I first look for all instance variable assignement. Then I use the search bar of the seeker to find extract only the assignement to ""pc""",,,,
Task 01,control,magenta-ares,,,"I think it's onNewEventDo: . I browsed the RSMonitorEvents class, saw that there was no initialize so the RSMoniterEvents new just create a new object without doing nothing. And so the only thing which do actually something is onNewEventdo: , so I think it is the domain method",,,,
Task 03,control,magenta-ares,,,"It was two times, and it's from the ByteString class. I search in the spotter every implementation of asMetacelloVersionNumber and put a halt in each one. Then I ran the test, and so the message halt twice, each time it was with the one in the ByteString class",,,,
Task 05,control,magenta-ares,,,There are 3 instances of PRHeader which are created. I created a initilize with a halt in the PRHeader class and just count. When I have a halt I look the stack and search for the last instruction in testHeader. I think it's asPillar which creates these instances.,,,,
Task 09,control,magenta-ares,,,"The class is NSPowScale. We can see that in the test with the assert sqtr class equals: NSPowScale and the message scale is send to sqrt. By putting so halt in the test just before the execution of the scale method, we can see that the first scale message is send to NSPowScale(#(0,1),#(0,1)) and the second one to NSPowScale(#(0 36756666), #(0 222))",,,,
Task 14,control,magenta-ares,,,The values of pc are 28 and 35. I used multiple halt in the test and check with a crtl i the value of pc in newContext,,,,
Task 02,seeker,magenta-ares,,,"I think I wrong but I would say that they are signaled by should raise. I oppened the seeker and search raise in messages ( I didn""t found exeption)",,,,
Task 04,seeker,magenta-ares,,,"atEnd is called 10 times. I oppened the seeker, did seeker messages and search atEnd. They are 10 of them, they are called by the test method directly or by the next method.",,,,
Task 08,seeker,magenta-ares,,,"Once again I used the seeker and look of all the instance creations and searched Hiedra. There are 6 of them, the senders are HiRulerBuiler, HiRuler, HiNNode,HiLink",,,,
Task 10,seeker,magenta-ares,,,"I searched color in the seeker all message. The class which received the message are shapes first, RSNormalizer, RSBox. I'm not sure to understand the second question. Of which arguments are we talking about.",,,,
Task 12,seeker,magenta-ares,,,"I used the seeker, selected the b1 object and search all the assignments with the seeker. The instance variable modified are paint isFIxed matrix ShouldUpdateLines baseRectangle path connectedLines parent",,,,
Task 02,control,beige-hemera,,,the method STONWriter >> error: signals an exception. This happens two times,,,,
Task 04,control,beige-hemera,,,"it is called 7 times, 4 times from GeneratorTest>>testAtEnd and 3 times from Generator>>next. I added the instruction ""Transcript show: thisContext sender asString"" at the beginning of the method Generator >> atEnd",,,,
Task 08,control,beige-hemera,,,"6 instances are created, from the following classes:  HiRulerBuilder HiRuler HiNode x2 HiLink x2  I first broke the image by tying loging the name of the class from Behavior >> new if the name of the package was #Hiedra.   Next I added a ""Transcript show: self class"" in the method initialize of all classes in Hiedra package",,,,
Task 10,control,beige-hemera,,,"I only found 2 times the message was sent. Both to instances of RSBox, once using green as argument and another one using red. But I cannot tell if there are more calls.   I placed a transcript show in the method RSShape >> color",,,,
Task 12,control,beige-hemera,,,"matrix, connectedLines and parent were modified.  I opened an inspector on the object b1 (raw view), and visually checked the changes on its instance variables as I stepped the execution",,,,
Task 01,seeker,beige-hemera,,,"RSMonitorEvents >> assert: description: I found out by stepping into the methods using traditional debugger, but then I realized that with seeker I can check all messages sends and there I saw in which method the message signal: was sent",,,,
Task 03,seeker,beige-hemera,,,"Messages with that selector are sent 2 times, both times from the method MetacelloCommonVersionNumberTestCase>>testApproxVersion02.  I discovered this by selecting the selector #asMetacelloVersionNumber and querying ""all Message Sends with selected selector"". To confirm my result I queried ""all Message Sends"" and then filtered the list with the selector I was looking for",,,,
Task 05,seeker,beige-hemera,,,"3 instances of PRHeader are created from the method MICHeaderBlock >> asPillar.  I found out first by querying all received and sent messages and filtering by the name of the receiver as PRHeader, looking for messages named ""new"", but then I discovered the query ""All Instances Creation of class named as selection"", confirming my result.",,,,
Task 09,seeker,beige-hemera,,,"NSPowPowScale, NSPowScale, NSLinearScale,NSBilinearScale.  I used the query ""all message sends"" and filtered by the name of the message",,,,
Task 14,seeker,beige-hemera,,,"nil, 25, 28, 29 nil  I used the query ""All the assignments of instance variables, of the object currently pointer by the selected variable"" on newContext",,,,
Task 01,control,green-tartarus,,,RSMonitorEvents>>assert:description:,,,,
Task 03,control,green-tartarus,,,only 2 times from the test case itself,,,,
Task 05,control,green-tartarus,,,3 instances created in 2 methods: - MicRootBlock>>asPillar - MicHeaderBlock>>asPillar,,,,
Task 09,control,green-tartarus,,,3 classes:  NSPowScale.  NSLinearScale. NSBilinearScale.  the different args:  9 3.0000000000000004 4661900 2159.1433486454753,,,,
Task 14,control,green-tartarus,,,"28,29,35",,,,
Task 02,seeker,green-tartarus,,,both signaled in STONWriter>>error:,,,,
Task 04,seeker,green-tartarus,,,called 7 times from:  - GeneratorTest>>atEnd - Generator>>next,,,,
Task 08,seeker,green-tartarus,,,6 instances from Classes: - HiRulerBuilder - HiRuler - 2*HiNode - 2*HiLink,,,,
Task 10,seeker,green-tartarus,,,2 messages color: sent to 2 instances of RSBox - message 1 parameter: Color green - message 2 parameter: Color red,,,,
Task 12,seeker,green-tartarus,,,- paint - isFixed - matrix - shouldUpdateLine - baseRectangle - connectedLines - encompassingRectangle - parent,,,,
Task 02,control,yellow-phanes,,,STONWriter writeObject: anObject do: block emits STONWriterError when called from STONJSON toString: object STONWriter writeObject: anObject do: block emits STONWriterError when called from STONJSON toString: object,,,,
Task 03,control,yellow-phanes,,,Twice from the test. testApproxVersion02.,,,,
Task 07,control,yellow-phanes,,,MicORderedListBlockTest 1  MicroDownPArser 1  MicRootBlock 1  MicOrderedListBlock 1  MicListItemBlock 2,,,,
Task 10,control,yellow-phanes,,,RSBox green RSBox red,,,,
Task 11,control,yellow-phanes,,,showRectangles shapes fixedShapes nodes edges animations clearBackground color extent camera,,,,
Task 01,seeker,yellow-phanes,,,RSMonitor onNewEventDo: aBlockClosure. due to an assertion,,,,
Task 04,seeker,yellow-phanes,,,7 times. 4 from the test. 3 from next,,,,
Task 06,seeker,yellow-phanes,,,1. From MicCodeBlock asPillar,,,,
Task 09,seeker,yellow-phanes,,,NSPowPowScale x8 NSPowScale x2 NSLinearScale x2 NSBilinearScale x2,,,,
Task 13,seeker,yellow-phanes,,,"pragmas #() source methodPragmaAfterBeforTemps x2  keywordsPositions nil, IntegerArray(1)",,,,
Task 01,control,mauve-notos,,,RSMonitorEvent>>onNewEvenDo:,,,,
Task 04,control,mauve-notos,,,3 times GeratorTest(TestAsserter)>>deny: and assert: once,,,,
Task 06,control,mauve-notos,,,"once, by MicRootBlock>>asPilar (inside it setChildren: ...)",,,,
Task 09,control,mauve-notos,,,NSPowScale 9 NSPowPowScale 0  NSPowPowScale 36756666 NSPowScale 4661900 are there more...didn-t go deepdown,,,,
Task 13,control,mauve-notos,,,"it changes only once after parsing(?)  OrderedCollection(RBPragmaNode(<hello: 5>) RBPragmaNode(<world: #ok>) RBPragmaNode(<blue: true>))  'methodPragmaAfterBeforTemps <hello: 5> | aTemp | <world: #ok> <blue: true>' an IntegerArray(1), respectively",,,,
Task 02,seeker,mauve-notos,,,STONWriter>>escape:with:,,,,
Task 03,seeker,mauve-notos,,,2 time from MetacelloVersionNumber>>~>,,,,
Task 07,seeker,mauve-notos,,,3: MicRootBlock MicOrderedListBlock MicListItemBlock  !Filter didn't work. May be I missed some going through manually,,,,
Task 10,seeker,mauve-notos,,,several. I found 2 as fitlter does not work. porobablz there is more (like lightGray :) )  RSBox Color green RSBox Color red,,,,
Task 11,seeker,mauve-notos,,,showRectangles shapes fiedShapes nodes edges animations clearBackground  color extent camera  !it is strange that it gives me onl initialize as assignment,,,,
Task 01,control,mauve-chaos,,,it's come from assert: message defined in Object.   In order to find I it  I ask implementor of  the message send to the object in test. I put an halt at the start of the method and I inspect the expression give as argument to assert: message.,,,,
Task 03,control,mauve-chaos,,,It's call 2 times. it's come from the methods install in String class.  in order to know this : I created a counter. I place halt in each emplementor of asMetacelloVersionNumber. I execute the tests (only String react ) So I put my counter in this method and rexecute the tests,,,,
Task 05,control,mauve-chaos,,,"3 instances are created from MicHeaderBlock >> #asPillar method.  In order to know this. I ask allInstances before runing test store it into a temporary variable. ask the difference at the end of the test between allinstances and the temporary variable.  I ask the reference to PRHeader I found only one class that are not in the tests , so it's come from this method.",,,,
Task 09,control,mauve-chaos,,,"there are 6 call: 2 in BilinearScale 2 in linearScale 2 in powScale  ""an OrderedCollection [6 items] (a NSPowScale(#(0 1), #(0 1))->9 a NSLinearScale(#(0 1.0), #(0 1))->3.0000000000000004 a NSBilinearScale(#(0 1.0), #(0 1))->3.0000000000000004 a NSPowScale(#(0 36756666), #(0 220))->4661900 a NSLinearScale(#(0 6062.727603974968), #(0 220))->2159.1433486454753 a NSBilinearScale(#(0 6062.727603974968), #(0 220))->2159.1433486454753)"" this is a colletion of association (receiver -> arguments ) .  In order to know this :  1- I put a counter on each scale: method in each class with a package name looking like math package name 2 - put  a singleton collector  in each method with a counter > 0 and adding the association  of receiver and arguments",,,,
Task 14,control,mauve-chaos,,,"It was difficult.   Finaly Ifound this  ""a Dictionary [2 items] (SimulationMock(Object)>>yourself->an OrderedCollection(35) SimulationMock>>exampleSelfReturnCall->an OrderedCollection(35) )"" si pc was 35 and 35.  in order to know this I collect all context associate to a pc. in order to this I put an instruction storing this information into my object. I place this instruction after each messge send to newContext.",,,,
Task 02,seeker,mauve-chaos,,,is signaled by the Kernel from the STONCore   in order to know this I ask all instanciatio of the error classes  with the seeker debugger,,,,
Task 04,seeker,mauve-chaos,,,I detect 7 camm to atEnd: 4 atEnd message from testAtEnd method from test class. 3 in Generator>>#next .  In order to find this I ask all messages send with atEnd with seeker.,,,,
Task 08,seeker,mauve-chaos,,,"6 instances creation from hiedra  1 HIRulerBuilder 1 HIRuler 2 HINode 2 HILink.  in order to find this I ask all instanciation with filter ""hiedra""",,,,
Task 10,seeker,mauve-chaos,,,I found those 2 reference on color: with receveir and arguments. RSNormaliser Class >> color a RSBox(1) color: Color green  RSNormaliser Class >> color a RSBox(2) color: a RSBox(2)  in order to find I ask all message send of selector #color:,,,,
Task 12,seeker,mauve-chaos,,,I found those IV: paint isFixed matrix shouldUpdateLines baseRectangle encompassingRectangle connectedLines parent  in order to find this:  I ask with seeker all instanca variable assignement.,,,,
Task 02,control,purple-ares,,,"From STONWriter>>#writeObject:do: , twice",,,,
Task 03,control,purple-ares,,,"It's called twice, from the test itself",,,,
Task 07,control,purple-ares,,,5 instances are created. MicroDownParser MicRootBlock MicOrderedListBlock MicListItemBlock MicListItemBlock,,,,
Task 10,control,purple-ares,,,"2 objects, class: RXBox. Color green and Color red",,,,
Task 11,control,purple-ares,,,showRectangles.  	shapes . 	fixedShapes . 	nodes. 	edges . 	animations . 	clearBackground . 	color . 	extent . 	camera (twice). shapes. nodes.,,,,
Task 01,seeker,purple-ares,,,RSMonitor>>#onNewEventDo: More precisely it calls #assert:description: which is a kernel method and raises the AssertionFailure error,,,,
Task 04,seeker,purple-ares,,,It's called 7 times. 4 times in the test directly (#testAtEnd) 3 times in Generator>>#next,,,,
Task 06,seeker,purple-ares,,,"There is 1 istance creation, from MicCodeBlock>>#asPillar",,,,
Task 09,seeker,purple-ares,,,"Classes : NSPowPowScale, NSPowScale, NSLinearScale, NSBilinearScale. Arguments are Arrays with 1 element which is a number: #(0), #(1), #(9), #(9), #(3.00000...4) etc",,,,
Task 13,seeker,purple-ares,,,values assigned to 'pragmas': - #() - aCollection --> an OrderedCollection [3 items] (RBPragmaNode(<hello: 5>) RBPragmaNode(<world: #ok>) RBPragmaNode(<blue: true>))  values assigned to 'source': - anObject --> 'methodPragmaAfterBeforTemps 		<hello: 5> 		| aTemp | 		<world: #ok> 		<blue: true>' - then the same once again  values assigned to 'keywordsPositions':  - nil - an Array [1 item] (1),,,,
Task 03,control,gray-hera,,,"2 times, from method testApproxVersion02",,,,
Task 06,control,gray-hera,,,"1 instance, from method asPillar (MicCodeBlock)",,,,
Task 08,control,gray-hera,,,"6 instances : 1 HiRulerBuilder, 1 HiRuler, 2 HiLink, 2 HiNode",,,,
Task 12,control,gray-hera,,,"variables modified: baseRectangle, encompassingRectangle, path, matrix, parent",,,,
Task 14,control,gray-hera,,,'pc' values: 28 and 35,,,,
Task 01,seeker,gray-hera,,,from method 'onNewEventDo:',,,,
Task 05,seeker,gray-hera,,,"3 instances, from method asPillar",,,,
Task 07,seeker,gray-hera,,,"4 instances : 1 MicRootBlock, 1 MicOrderedListBlock, 2 MicListItemBlock",,,,
Task 11,seeker,gray-hera,,,showRectangles shapes fixedShapes edges nodes animations clearBackground color extent camera,,,,
Task 13,seeker,gray-hera,,,pragmas:  1. #()  2. (RBPragmaNode(<hello: 5>) RBPragmaNode(<world: #ok>) RBPragmaNode(<blue: true>))   source:  methodPragmaAfterBeforTemps  	<hello: 5> 		 	| aTemp | 		 	<world: #ok> 		 	<blue: true> 	 keywordsPositions : {1},,,,
Task 04,control,magenta-thesis,,,"It was called 7 times : 4 times from testAtEnd and 3 times from the next method. To answer, I put a breakpoint in the atEnd method, and counted the number of interruptions and from which method it was called.",,,,
Task 06,control,magenta-thesis,,,"There was one instance creation of PRCodeBlock created, I did not manage to find from which method. To answer, I made a step-by-step execution of the test case to see when PRCodeBlock appeared in the children of  the document variable (after the conversion to the Pillar type (asPilllar).",,,,
Task 08,control,magenta-thesis,,,"I could not find the answer. I have no idea how I could do that, I tried to use the 'Next instance creation' method in the test debugger, but could not find any instance created of an object from the hiedra package.",,,,
Task 12,control,magenta-thesis,,,"The modified instance variables were: matrix, connectedLines, encompassingRectangle and parent. To answer, I opened an inspector on b1 right after it was first assign and watch the modification as I executed the test step-by-step. I also opened another inspector at the end to compare with the other inspector.",,,,
Task 14,control,magenta-thesis,,,"The values of pc of the instance variables of newContext are: 28 and nil. I opened an inspector  on newContext once it was assigned, and then performed a step-by-step execution ('Over'), refreshing the inspector between each step.",,,,
Task 03,seeker,magenta-thesis,,,"The message was sent twice from the method of the tes case itself (testApproxVersion02). To answer the question I used the seeker debug and used the query, All message sends with selected	 selectro.",,,,
Task 05,seeker,magenta-thesis,,,"There were 3 instances created, from the method asPillar. I used the seeker debuggerand used the query : All instance creation of class named as selection.",,,,
Task 07,seeker,magenta-thesis,,,"There were 4 instances  created belonging to the following classes: Microotblock, MicOrderedListBlock and two from MicListItemBlock. I used the seeker debugger to query all the instances creations, and then counted the one belonging to MicroDown. I tried to use the filter to display only the ones from MicroDown, ubt I did not work (nothing changed when I pressed enter)",,,,
Task 11,seeker,magenta-thesis,,,"Beside the initial assignments of the instance variables in the initialize method of the RSCanvas object (not sure if that counts as 'modified'), the only instance variable modified during the test was the instance variable 'camera'. To determine that camera was modified,  I simply read the code of the testcase (I might have missed other modifications that occurs in the other methods, but I did know how to find these modifications).",,,,
Task 13,seeker,magenta-thesis,,,"Pragmas is assigned  an empty collection, and then an ordered collection containing RBPragma. source  is assigned something of the type  starting with (I could not read the type once I finished the task) methodPragmaAfterBeforeTe, and then another object of the same type. keywordsPositions is assigned nil and then an integerArray containing the value 1. I used the query of the seeker debugger ""All the assignments of instance variables  of the object  pointed by the selected variables"" to answer the question.",,,,
Task 02,control,golden-euros,,,"Both are signaled from the STONWriter>>error: method. But both arrive from different places. To find this: I debugged the test, selected the code inside the should block, and ""do it"". The debugger shows the place where the exceptions were raised",,,,
Task 03,control,golden-euros,,,"2 times. Only from the test itself. Looking at the test suggests that, but to be sure I modified all implementors of asMetacelloVersionNumber to add a global counter and a collection of callers. That satisfied the hypothesis.",,,,
Task 07,control,golden-euros,,,"Looks like we have 4 instances, 2 of MicListItemBlock, 1 of MicOrderedListBlock and 1 of MicRootBlock. I did it by using the new superpower method wrappers.",,,,
Task 10,control,golden-euros,,,"Only RSBox, only green and red (though I did not count the number of calls because it was not asked for). I did it again with method wrappers",,,,
Task 11,control,golden-euros,,,"Tricky question. Technically, all of them are initialized, thus set, thus modified during the test. Technically, after initialization those variables seem to not be touched anymore (and if they are, they are set with the same old value). I did this by making a copy of the object after instantiation and programmatically comparing all instance variables at the end of the test (yes, it may not be 100% precise, but I'm pretty confident)",,,,
Task 01,seeker,golden-euros,,,"onNewEventDo:. Executing it by just ""do it"" the body of the should block shows the exception.",,,,
Task 04,seeker,golden-euros,,,7. a Set('Generator>>#next' 'GeneratorTest>>#testAtEnd'). I did it by changing the code of atEnd to log the information I wanted,,,,
Task 06,seeker,golden-euros,,,"1, from MicCodeBlock>>asPillar. I changed the code of PRCodeBlock to log the instances.",,,,
Task 09,seeker,golden-euros,,,"NSPowScale NSBilinearScale NSPowPowScale NSLinearScale, with arguments 0 9 3.0000000000000004 1 4661900 2159.1433486454753 36756666 (not in that order (which was not asked or not clear)). I did it with method wrappers AND with seeker. Method wrappers was as fast to execute as the original test but needed me to write ~10 lines of code.",,,,
Task 13,seeker,golden-euros,,,In order of occurrence:  pragmas -> #() keywordPositions -> nil keywordPositions -> IntegerArray(1) pragmas -> an ordered collection source-> the source string source-> seemingly the source string again  I did it using seeker. I had to step until the instance of was created and then I did an instance specific query.,,,,
Task 01,control,orange-apeliotes,,,This is the assert:description:,,,,
Task 04,control,orange-apeliotes,,,7 an OrderedCollection(#testAtEnd #next #testAtEnd #next #testAtEnd #next #testAtEnd),,,,
Task 06,control,orange-apeliotes,,,asPillar 1 times.,,,,
Task 09,control,orange-apeliotes,,,"{ #Instances an OrderedCollection(a NSPowScale(#(0 1), #(0 1)) a NSLinearScale(#(0 1.0), #(0 1)) a NSBilinearScale(#(0 1.0), #(0 1)) a NSPowScale(#(0 36756666), #(0 220)) a NSLinearScale(#(0 6062.727603974968), #(0 220)) a NSBilinearScale(#(0 6062.727603974968), #(0 220))) . #Args an OrderedCollection(9 3.0000000000000004 3.0000000000000004 4661900 2159.1433486454753 2159.1433486454753) }",,,,
Task 13,control,orange-apeliotes,,,KeywordsPositions nil Pragmas an OrderedCollection(#(1)) Sources an OrderedCollection('source: anObject 	source := anObject. 	CollectorOfInformation addSource: anObject.' 'source: anObject 	source := anObject. 	CollectorOfInformation addSource: anObject.' 'Object subclass: #MyClass 	instanceVariableNames: ''''  	classVariableNames: '''' 	package: ''''' 'testPragmaAfterBeforTemp 	| aRBMethod | 	aRBMethod := OpalCompiler new parse: self methodPragmaAfterBeforTemps.  	self assert: aRBMethod compiledMethod pragmas first selector equals: #hello:. 	self assert: aRBMethod compiledMethod pragmas second selector equals: #world:' 'testPragmaAfterBeforTemp 	| aRBMethod | 	aRBMethod := OpalCompiler new parse: self methodPragmaAfterBeforTemps.  	self assert: aRBMethod compiledMethod pragmas first selector equals: #hello:. 	self assert: aRBMethod compiledMethod pragmas second selector equals: #world:' 'methodPragmaAfterBeforTemps 		<hello: 5> 		| aTemp | 		<world: #ok> 		<blue: true>' 'methodPragmaAfterBeforTemps 		<hello: 5> 		| aTemp | 		<world: #ok> 		<blue: true>' 'Object subclass: #CollectorOfInformation 	instanceVariableNames: '''' 	classVariableNames: ''Args Instances KeywordsPositions Pragmas Sources'' 	package: ''NumericInterpolator-Scales''' 'Object subclass: #CollectorOfInformation 	instanceVariableNames: '''' 	classVariableNames: ''Args Instances KeywordsPositions Pragmas Sources'' 	package: ''NumericInterpolator-Scales''' 'Object subclass: #CollectorOfInformation 	instanceVariableNames: '''' 	classVariableNames: ''Args Instances KeywordsPositions Pragmas Sources'' 	package: ''NumericInterpolator-Scales''' 'Sources' 'DoIt  	^ Sources' 'DoIt  	^ Sources' 'DoIt  	^ Sources',,,,
Task 02,seeker,orange-apeliotes,,,writeObject: anObject do: block writeObject: anObject do: block,,,,
Task 03,seeker,orange-apeliotes,,,2 times and from the text method testApproxVersion02,,,,
Task 07,seeker,orange-apeliotes,,,MicListItemBlock 2 MicOrderedListBlock 1 MicRootBlock 1,,,,
Task 10,seeker,orange-apeliotes,,,RSbox  Color green and Color red,,,,
Task 11,seeker,orange-apeliotes,,,showrectangles shapes fixedShapes nodes edges animations clearBackgroudn color extend camera now I have some doubts because the tool show field pointing to nil and I see in the initialize method that there are set.,,,,
Task 02,control,orange-nyx,,,From STONWriter>>writeObject:do: (which call error:),,,,
Task 04,control,orange-nyx,,,7 Directly from the test and from Generator>>next,,,,
Task 08,control,orange-nyx,,,HiRulerBuilder 1 HiRuler 1 HiNode 2 HiLink 2,,,,
Task 10,control,orange-nyx,,,RSBox => Color green RSBox => Color red,,,,
Task 12,control,orange-nyx,,,matrix connectedLines encompassingRectangle parent,,,,
Task 01,seeker,orange-nyx,,,RSMonitorEvents>>onNewEventDo:,,,,
Task 03,seeker,orange-nyx,,,"2 times, call directly by the test code.",,,,
Task 05,seeker,orange-nyx,,,"3 times, from MicHeaderBlock>>asPillar",,,,
Task 09,seeker,orange-nyx,,,Classes : NSPowPowScale NSPowScale NSLinearScale NSBilinearScale Values : 0  1  9  3.00000000000...4  36756666  4661900   2159.1433486454753,,,,
Task 14,seeker,orange-nyx,,,Values : nil 25 28 29,,,,
Task 02,control,pink-hades,,,STONWriter>>writeObject:do:,,,,
Task 03,control,pink-hades,,,2 times both from MetacelloVersionNumberTestCase>>testApproxVersion02,,,,
Task 07,control,pink-hades,,,2 MicRootBlock,,,,
Task 10,control,pink-hades,,,RSBox Color green. RSBox Color red,,,,
Task 11,control,pink-hades,,,"shapes, nodes, camera",,,,
Task 01,seeker,pink-hades,,,RSMonitorEvents>>onNewEventDo:,,,,
Task 04,seeker,pink-hades,,,7 times. 4 from GeneratorTest>>testAtEnd 3 from Generator>>next.,,,,
Task 06,seeker,pink-hades,,,1 from MicCodeBlock>>asPillar,,,,
Task 09,seeker,pink-hades,,,"NSPowPowScale 0, NSPowPowScale 1, NSPowScale 9, NSPowPowScale 9, NSLinearScale 9, NSBilinearScale 3.0000000000000004, NSPowPowScale  0, NSPowPowScale 1, NSPowPowScale 0, NSPowPowScale 36756666, NSPowscale 4661900, NSPowPowScale 4661900, NSLinearScale 4661900, NSBilinearScale 2159.1433486454753",,,,
Task 13,seeker,pink-hades,,,"pragmas nil to #() to an OrderedCollection [3 items] (RBPragmaNode(<hello: 5>) RBPragmaNode(<world: #ok>) RBPragmaNode(<blue: true>)), source from nil to methodPragmaAfterBeforTemps 		<hello: 5> 		| aTemp | 		<world: #ok> 		<blue: true>  to methodPragmaAfterBeforTemps 		<hello: 5> 		| aTemp | 		<world: #ok> 		<blue: true>, 																 keywordsPositions from nil to nil to an IntegerArray [1 item] (1)",,,,
Task 03,control,cyan-athena,,,"2 times, both form testApproxVersion02. I put a breakpoint at all implementors of asMetacelloVersionNumber, debugged the test and proceeded to all the breakpoints to count them / see who sent them",,,,
Task 06,control,cyan-athena,,,"1,  from MicCodeBlock>>asPilar I browsed to the class, put a halt in PRCodeBlock>>initialize, and checked how many times it was hit + which method called the new",,,,
Task 08,control,cyan-athena,,,"5, 1 for HiRuler, 2 for HiLink, 2 for HiNode. I run the test halting at the end of it, and I executed this in the debugger: ('Hiedra' asPackage classes collect:[:class | class -> class allInstances size]) select: [ :c | c value > 0 ]. I started from the supposition that there where no other instances of Hiedra, but the numbers look correct by checking the values and links referenced by the ruler",,,,
Task 12,control,cyan-athena,,,"parent, encompassingRectangle, connectedLines. I inspected in the test a deepCopy of b1, and inspected b1 at the end of the test. I then compared the variables from the inspector and checked which ones changed",,,,
Task 14,control,cyan-athena,,,"28 and 35. I put an halt in the test, run it, and noted the pc of the context before and after every step",,,,
Task 01,seeker,cyan-athena,,,"RSMonitorEvents>>onNewEventDo: I added a query on all message received, filtered RSMonitorEvents, went to the ""onNewEventDo:"" and stepped to see the assert fail",,,,
Task 05,seeker,cyan-athena,,,"3 I used the ""instance creation"" feature and then fltered for PRHeader",,,,
Task 07,seeker,cyan-athena,,,"4, MicRootBlock, MicOrderedListBlock and two of MicListItemBlock I added the instance creation query, and filtered for ""Microdown"". I then went to check if if MicRotBlock was a subclass of Microdown, or if it was simply in its package (I don't like the square bracket notation to indicate the package)",,,,
Task 11,seeker,cyan-athena,,,"showRectangles, shapes, fixedShapes, nodes, edges, animations, clearBackground, color, extent, camera I used the query to check all instance variables assignments of the selected variable (after stepping so it would first be initialized)",,,,
Task 13,seeker,cyan-athena,,,"pragmas -> #() -> #(RBPragmaNode<hello: 5>, RBPragmaNode(<world:#ok>), RBPragmaNode(<blue:true>)) source -> methodPragmaAfterBeforeTemps ...  (Twice) keywordsPositions -> nil -> #(1)",,,,
Task 03,control,blue-hephaestus,,,I think 2 call in testApproxVersion02 but I'm not sure,,,,
Task 05,control,blue-hephaestus,,,3 instances of PRHeader created in initialiaze method of MicroDownParser (it's long time to search)   volume_up 26 / 5000 Rsultats de traduction it takes a long time to search,,,,
Task 07,control,blue-hephaestus,,,1 instance of MicroDownParser in MicroDown package parser in setup instantiate the parser,,,,
Task 11,control,blue-hephaestus,,,the shape variable  has been changed,,,,
Task 13,control,blue-hephaestus,,,"it is too long, it would be necessary to put breakpoints for each method which modifies the variables and noted each value at each step",,,,
Task 04,seeker,blue-hephaestus,,,7 call 3 call by #next,,,,
Task 06,seeker,blue-hephaestus,,,1 instance of PRCodeblock with the method #new of MicCodeBlock,,,,
Task 08,seeker,blue-hephaestus,,,4 class from Hiedra package : HiRulerBuilder HiRuler HiNode (2 instances) HiLink (2 instances),,,,
Task 12,seeker,blue-hephaestus,,,the corner extent,,,,
Task 14,seeker,blue-hephaestus,,,"33, 34 and 35",,,,
Task 04,control,lilac-euros,,,8 times the atEnd is called. 4 times from testAtEnd and 4 from Generator >> next,,,,
Task 06,control,lilac-euros,,,1 instance is created from the MicCodeBlock >> asPillar method,,,,
Task 08,control,lilac-euros,,,6 in total: 1 instance of HiRulerBuilder  1 instance of HiRuler  2 instances of HiNode 2 instances of HiLink,,,,
Task 12,control,lilac-euros,,,Instances of b1 modified are: paint parent  isFixed encompassingRectangle  baseRectangle  matrix connectedLines  shouldUpdateLines,,,,
Task 14,control,lilac-euros,,,The line: 'newContext := aMethodContext step.' creates a new context where the pc value is 28 then nil The line: 'newContext := newContext step.' creates a new context where the pc value is 35,,,,
Task 03,seeker,lilac-euros,,,2 messages of asMetacelloVersionNumber are sent both from testApproxVersion02,,,,
Task 05,seeker,lilac-euros,,,3 instances of PRHeader are created. The 3 from MicHeaderBlock asPillar,,,,
Task 07,seeker,lilac-euros,,,"4 instances of classes belonging to the Microdown package are created. 1 from MicRootBlock, 1 from MicOrderedListBlock and 2 from MicListItemBlock",,,,
Task 11,seeker,lilac-euros,,,"The IV modified are: showRectangles, shapes, fixedShapes, nodes,	edges, 	animations, clearBackground, color, extent, camera",,,,
Task 13,seeker,lilac-euros,,,to 'pragmas' is assigned: '#()' and 'an OrderedCollection [3 items] (RBPragmaNode(<hello: 5>) RBPragmaNode(<world: #ok>) RBPragmaNode(<blue: true>))' to 'source' is assigned: 'methodPragmaAfterBeforTemps 		<hello: 5> 		| aTemp | 		<world: #ok> 		<blue: true>' twice    to 'keywordsPositions' is assigned: 'nil' and 'an IntegerArray [1 item] (1)',,,,
Task 04,control,rose-dementer,,,"4, called within testAtEnd",,,,
Task 06,control,rose-dementer,,,"1, testCodeBlock",,,,
Task 08,control,rose-dementer,,,6 HiRulerBuilder HiRuler HiNode HiNode HiLink HiLink,,,,
Task 12,control,rose-dementer,,,I have no idea - I gave up on this task as it takes too long (nothing obvious),,,,
Task 14,control,rose-dementer,,,"Again, it takes too long to do this. I see a breakpoint tab in the inspector for the object, which implies I can set breakpoints in the object (maybe to see its changes?) but I can't see how to do this. The Pharo GUI always feels frustrating to me.",,,,
Task 03,seeker,rose-dementer,,,"2, from testApproxVersion02",,,,
Task 05,seeker,rose-dementer,,,3 testHeader,,,,
Task 07,seeker,rose-dementer,,,4 MicRootBlock MicOrderedListBlock MicListItemBlock (x2),,,,
Task 11,seeker,rose-dementer,,,"showRectangles, shapes, fixedShapes, nodes,edges,animations,clearBackground,color,extent,camera",,,,
Task 13,seeker,rose-dementer,,,pragmas #() and an OrderedColection(RBPrag... source methodPragmaAfterBeforeTe... (2x) keywordsPositions nil and anIntegerArray(1),,,,
Task 03,control,rose-apeliotes,,,2 times and from String>>asMetacelloVersionNumber method,,,,
Task 06,control,rose-apeliotes,,,1 and from asPillar,,,,
Task 08,control,rose-apeliotes,,,I think that this would take too much time to finish.,,,,
Task 12,control,rose-apeliotes,,,"matrix, connectedLines, encompassingRectangle, parent",,,,
Task 14,control,rose-apeliotes,,,"28, nil",,,,
Task 01,seeker,rose-apeliotes,,,onNewEventDo:,,,,
Task 05,seeker,rose-apeliotes,,,3 and all were created by PRHeader class,,,,
Task 07,seeker,rose-apeliotes,,,"4 instances. The classes are:  MicRootBlock, MicOrderedListBlock, MicListItemBlock",,,,
Task 11,seeker,rose-apeliotes,,,10,,,,
Task 13,seeker,rose-apeliotes,,,"pragmas: #(), OrderedCollection source: 'methodPragmaAfterBeforTemps 		<hello: 5> 		| aTemp | 		<world: #ok> 		<blue: true>' keywordsPosition: nil, IntegerArray(1)",,,,
Task 02,control,golden-apollo,,,"Using the ""Do it"" option I ran the code inside the bloc that is suppose to raise the exception. I got the same ""StonWriterError"" that openened a debugger. Going back once in the stack I found the STONWriter>>writeObject:do: signaling the exception for both.",,,,
Task 04,control,golden-apollo,,,"I first put a counter on the #atEnd method to check if there was not to much calls, I got 7.  Then I put a breakpoint and I got the following calling methods : GeneratorTest>>testAtEnd Generator>>next GeneratorTest>>testAtEnd Generator>>next GeneratorTest>>testAtEnd Generator>>next GeneratorTest>>testAtEnd",,,,
Task 08,control,golden-apollo,,,I added counters on class methods corresponding to instantiation. I got :  HiLink : 2 (compteur sur origin:target:...) HiNode : 2 (value:rulerPoint: HiRuler : 1 This seems coherent with the testCycle case,,,,
Task 10,control,golden-apollo,,,"I tried to put counters on every color: implementation. I couldn't do it with a script so I did it by hand from the implementors window. As it is a message used in many ui element, I got a lot of noise :   SimpleBorderStyle : 24 000 + (pollu par les interfaces graphiques) ClyCritiqueSevertity : 845  (pollu par les interfaces graphiques) Morph 33 000+  (pollu par les interfaces graphiques) SpToolbarMorph : 309 +  RS border 35 RS shape 172 SolidFillStyle : 23482 SolidFillStyle Class : 59 000+ SpAbstractWidgetPresenter : 99 Text Color : 871 Text Color Class : 115   The ones who seems relevant or the one from the RS packache : RS border and RS Shape. However, has there is still many of these I am not confident in putting a breakpoint in those #color methods to get the arguments.",,,,
Task 12,control,golden-apollo,,,"I know that there was some tools to put breakpoint on a single object that were developped two years ago. If they are here, I failed to find them. I tried to put breakpoint on writing on the class, but I ended up with a crashing VM so I won't try further to get this data with debugging tools.",,,,
Task 01,seeker,golden-apollo,,,The exception is signaled from the assert:description in MonitorEvents (cqlled by onNewEventDo: from the same class),,,,
Task 03,seeker,golden-apollo,,,Two messages with this selector are sent during the test from the test method testApproxVersion02,,,,
Task 05,seeker,golden-apollo,,,3 instances of PRHeader or created from the MicHeaderBlock>>asPillar method,,,,
Task 09,seeker,golden-apollo,,,14 #scale: messages with the following arguments : 0 1 9 9 9 3 0 1 0 36756666 4661900 4661900 4661900 2159.1433486454753,,,,
Task 14,seeker,golden-apollo,,,The pc instance variable values were : nil 25 28 29 nil,,,,
Task 03,control,rose-ares,,,"asMetacelloVersionNumber is sent twice, first we convert '1.1' to a MetacelloVersionNumber with it then we compare it with the operator ~> which is implemented by the class MetacellloVersionNumber, the right side also call the message asMetacelloVersionNumber to convert '1.1' into a MetacelloVersionNumber. The message is from asMetacelloVersionNumber method. In the implementation of ~> operator,  there's no call to the asMetacelloVersionNumber message.",,,,
Task 05,control,rose-ares,,,"There's 3 instances of PRHeader created during the execution of this test.   These instances are created by the method MicRootBlock>>asPillar.   Indeed, during the test we create a MicroDownParser object with the line.  document := self parserClass new parse: '# Header1 	 ## Header 2 	 ### Header 3 '.  self parserClass new <- create an instance of MicroDownParser self parserClass parse: <- return an of MicRootBlock.  During the execution of the method MicroDownParser>>parse: , we can see that we call the method MicroDownParser>>newRootBlock at the line :  current := root := self newRootBlock 		setParser: self","yourself. the method MicroDownParser>>newRootBlock return an instance of MicRootBlock class,  and at the end of MicroDownParser>>parse: we return this instance.   After this, we call the message asPillar to the MicRootBlock instance, if we check the MicRootBlock>>asPillar method, we can see that this method create an instance of PRDocument class, with the message setChildren at the line :  setChildren: (self children collect: [ :child | child asPillar ])","<- Here we can see that each children receive the message asPillar, so if the child is a MicHeaderBlock we create an instance of PRHeader, if the child is a MicParagraphBlock we create an instance of PRParagraph and so on.  The child class is determinate during the execution of the method MicroDownParser>>handleLIne.  During the execution of the test, we create 3 instance of PRHeader and 2 instance of PRParagraph, we can check that by adding these line into the test :  self assert: pillarDocument children second class equals: PRParagraph. self assert: pillarDocument children fourth class equals: PRParagraph.",,
Task 07,control,rose-ares,,,"There's 2 instance belonging to the MicroDown package. One from MicroDownParser and one from MicRootBlock.   We can see at the line : root := parser parse: source. That we send the message parse to parser which is an instance variable of the MicBlockTest class.  When we create a subclass of MicBlockTest, the method MicBlockTest>>setUp is call. During this method we can see that we initialize the instance variable parser at the line: parser := self parser.  We can check the method MicBlockTest>>parser,  this method call and return the result of self parserClass new. The method MicBlockTest>>parserClass return an instance of MicroDownParser class.   Now when  the line ""root := parser parse: source"" is executed we know that the parse method is the method MicroDownParser>>parse: that we saw in the task05.  With implementor, we can find the source code and as for tast05 we know that MicroDownParser>>parse: call the method MicroDownParser>>newRootBlock which create an instance of MicRootBlock.",,,,
Task 11,control,rose-ares,,,"There's two instance variables which are modified during this test.    I used implementors to navigate between message implementation.   The test starts by creating an instance of RSCanvas, then add to it  a shape with the method RSCanvas>>add:. In the method RSCanvas>>add:, we can see a call to RSShape>>addIn:.    When we check RSShape>>addIn: , we can see a test with ""self isFixed"", if the shape is fixed then we add the figure in the canvas with the method RSCanvas>>addFixedShape, otherwise we add it with the method RSCanvas>>addBasicShape.   We can now check, theses two method RSCanvas>>addFixedShape and RSCanvas>>addBasicShape. In the first one (RSCanvas>>addFixedShape) we can see that we modify the value of the instance variable fixedShapes.  In the second one (RSCanvas>>addBasicShape) we can see that we modify the value of the instance variable shapes.   So we modify shapes OR fixedShapes depending if the shape is fixed or not.   Then we modify the camera instance variable.",,,,
Task 13,control,rose-ares,,,"For this task, i used playground to have information about the aRBMethod and the inspection tool. The source instance variable, is always equals to OCPragmaTest>>methodPragmaAfterBeforTemps, which return : 	'methodPragmaAfterBeforTemps 		<hello: 5> 		| aTemp | 		<world: #ok> 		<blue: true>'  pragmas will contains 3 entry, (hello, world, blue)  for the keywordsPositions is 1.",,,,
Task 04,seeker,rose-ares,,,"With seeker, I selected atEnd from source pane then seekerQueries > messages > all messages sent with selected selector The method generator>>#atEnd is called 7 times:  4 times from test with line : self deny: generator atEnd.  3 times from generator>>#next with line : generator next.",,,,
Task 06,seeker,rose-ares,,,"There's one instance of PRCodeblock created from PRCodeblock class method is new.   Using seeker, select in source pane PRCodeblock then SeekerQueries > Instances creation > All instances creation of classes name as selection.",,,,
Task 08,seeker,rose-ares,,,"There's 6 instances belonging to the Hiedra package created during the test execution.   Theses instances are from classes : HiRulerBuilder class HiRuler class HiNode class HiNode class HiLink class HiLink class   Using Seeker, right click in the source pane SeekerQueries > Instances Creation > All instances Creation.   Now in the search tool, we can enter Hiedra and we have the result.",,,,
Task 12,seeker,rose-ares,,,"From seeker 0 instance variables of the object b1 are modified during this test.  Using seeker select b1 in source pane then SeekerQueries > Assignement- Object Centric > All assignement instances variables, of the object currently pointed by the selected variable.   But if we do it manually i think, we change the instance variable of  is parent class RsBoundingShape, we change matrix with the method RSBoundingShape>>position:,  which is called by  the trait RSTPositionable>> translateTo called in the test.   We also modified RSShape instance variable with the self resetBox in the method RsBoudingShape>>position: . RsBoudingShape inherite from RSShape the method resetBox.  So with RSShape>>resetBox we modified RSShape encompassingRectangle instance variable.  Finally we also modified the connectedLines RSBoudingShape instance variable, with the line: self updateConnectedEdges in the method RSBoundingShape>>position:.   In RSBoundingShape>>updateConnectedEdges we call RSBoundingShape>>connectedEdges which return the RSBoundingShape instance variable ""connectedLines"", and we modified it with the line : self connectedEdges do: [ :edge | edge update ]. in the RSBoundingShape>updateConnectedEdges.   So I'll say that we modified 3 instances variables. matrix and connectedEdges from RSBoundingShape from which RSBox inherit, and encompassingRectangle instance variable from RSShape from which  RSBoundingShape inherite.",,,,
Task 14,seeker,rose-ares,,,"The pc instance variable of the newContext object values during this test are:  nil 33 34 nill 25 nill 28 29 nill 47 48 55 56 57 58 35  Using seeker: right click in the source pane SeekerQueries >  All the assignement of instances variables, of objects whoses classe name matches selection. Here with the filter we can filter with pc and see the different values of pc during this test.",,,,